{
  "metadata": {
    "name": "third",
    "description": "",
    "created_at": "2025-07-10T16:24:41.336025",
    "duration": 14.74362325668335,
    "waypoint_count": 38,
    "recording_settings": {
      "interval": 0.1,
      "min_movement": 0.5,
      "velocity_window": 5
    },
    "robot_config": {
      "robot_ip": "192.168.0.10",
      "program_mode": 0,
      "default_speed": 0.20000000298023224
    }
  },
  "waypoints": [
    {
      "timestamp": 1752132281.336666,
      "joint_positions": [
        0.0,
        0.0,
        0.0,
        -0.00021755104535259306,
        0.0,
        0.0
      ],
      "tcp_position": [
        0.03860912472009659,
        -6.512007713317871,
        877.0660400390625,
        0.0,
        -0.0,
        -0.029999999329447746
      ],
      "joint_velocities": [
        0.0,
        0.0,
        0.0,
        0.0,
        0.0,
        0.0
      ],
      "tcp_velocity": 0.0,
      "acceleration": 0.0,
      "time_from_start": 0.0006468296051025391,
      "digital_inputs": [
        0,
        0,
        0,
        0,
        0,
        0,
        0,
        0,
        0,
        0,
        0,
        0,
        0,
        0,
        0,
        0
      ],
      "analog_inputs": [
        2.549999952316284,
        2.549999952316284,
        2.549999952316284,
        2.549999952316284
      ],
      "user_note": ""
    },
    {
      "timestamp": 1752132288.6573064,
      "joint_positions": [
        0.0,
        -0.011312654241919518,
        -0.5366984605789185,
        0.4925355911254883,
        0.004133469890803099,
        0.5279964208602905
      ],
      "tcp_position": [
        -4.2635579109191895,
        -6.510493278503418,
        877.0457153320312,
        -0.009579719044268131,
        -0.5437933802604675,
        0.9860087037086487
      ],
      "joint_velocities": [
        0.0,
        -0.0015453093908250942,
        -0.07331304868319291,
        0.06731011499790789,
        0.0005646322872029176,
        0.07212434942579857
      ],
      "tcp_velocity": 0.5876829239740616,
      "acceleration": 0.0,
      "time_from_start": 7.321287155151367,
      "digital_inputs": [
        0,
        0,
        0,
        0,
        0,
        0,
        0,
        0,
        0,
        0,
        0,
        0,
        0,
        0,
        0,
        0
      ],
      "analog_inputs": [
        2.549999952316284,
        2.549999952316284,
        2.549999952316284,
        2.549999952316284
      ],
      "user_note": ""
    },
    {
      "timestamp": 1752132288.857854,
      "joint_positions": [
        0.0,
        0.874555230140686,
        0.10159634053707123,
        0.19340288639068604,
        0.01827428862452507,
        0.5710715055465698
      ],
      "tcp_position": [
        11.046407699584961,
        -6.5120391845703125,
        876.9825439453125,
        0.011451313272118568,
        0.8960195183753967,
        0.7345642447471619
      ],
      "joint_velocities": [
        0.0,
        4.417248160495008,
        3.182761883334502,
        -1.4915806442792487,
        0.07051108482497917,
        0.2147874891369863
      ],
      "tcp_velocity": 76.34151170217824,
      "acceleration": 188.86758777477743,
      "time_from_start": 7.5218346118927,
      "digital_inputs": [
        0,
        0,
        0,
        0,
        0,
        0,
        0,
        0,
        0,
        0,
        0,
        0,
        0,
        0,
        0,
        0
      ],
      "analog_inputs": [
        2.549999952316284,
        2.549999952316284,
        2.549999952316284,
        2.549999952316284
      ],
      "user_note": ""
    },
    {
      "timestamp": 1752132289.0583923,
      "joint_positions": [
        0.0,
        2.6130056381225586,
        3.6770479679107666,
        -4.267263889312744,
        0.02088490128517151,
        0.42291924357414246
      ],
      "tcp_position": [
        61.85337448120117,
        -6.5244855880737305,
        874.0857543945312,
        -0.418453574180603,
        6.297049522399902,
        -3.835257053375244
      ],
      "joint_velocities": [
        0.0,
        8.66891545667141,
        17.829262045560736,
        -22.243454850027167,
        0.013018019002067484,
        -0.7387725458585527
      ],
      "tcp_velocity": 253.76428252865767,
      "acceleration": 420.82813665617783,
      "time_from_start": 7.722373008728027,
      "digital_inputs": [
        0,
        0,
        0,
        0,
        0,
        0,
        0,
        0,
        0,
        0,
        0,
        0,
        0,
        0,
        0,
        0
      ],
      "analog_inputs": [
        2.549999952316284,
        2.549999952316284,
        2.549999952316284,
        2.549999952316284
      ],
      "user_note": ""
    },
    {
      "timestamp": 1752132289.2588835,
      "joint_positions": [
        0.0,
        3.2151870727539062,
        6.940531253814697,
        -5.162486553192139,
        0.07005143910646439,
        0.42291924357414246
      ],
      "tcp_position": [
        94.60950469970703,
        -6.539445400238037,
        869.6289672851562,
        -0.8506247997283936,
        10.1769380569458,
        -4.845834255218506
      ],
      "joint_velocities": [
        0.0,
        3.0035306527010266,
        16.27743985463557,
        -4.465147142240472,
        0.24523041552060182,
        0.0
      ],
      "tcp_velocity": 164.8847396362406,
      "acceleration": 204.86817494047787,
      "time_from_start": 7.922864198684692,
      "digital_inputs": [
        0,
        0,
        0,
        0,
        0,
        0,
        0,
        0,
        0,
        0,
        0,
        0,
        0,
        0,
        0,
        0
      ],
      "analog_inputs": [
        2.549999952316284,
        2.549999952316284,
        2.549999952316284,
        2.549999952316284
      ],
      "user_note": ""
    },
    {
      "timestamp": 1752132289.4594269,
      "joint_positions": [
        -0.00021755104535259306,
        3.3254854679107666,
        11.209318161010742,
        -5.160528659820557,
        3.9561657905578613,
        0.42291924357414246
      ],
      "tcp_position": [
        134.6698455810547,
        -7.149464130401611,
        860.4548950195312,
        -1.2264901399612427,
        18.330135345458984,
        -5.010730266571045
      ],
      "joint_velocities": [
        -0.001084807784348102,
        0.5499976222745322,
        21.28609981691514,
        0.009762940770858597,
        19.37792159301662,
        0.0
      ],
      "tcp_velocity": 204.9526674229209,
      "acceleration": 203.81122570413268,
      "time_from_start": 8.12340760231018,
      "digital_inputs": [
        0,
        0,
        0,
        0,
        0,
        0,
        0,
        0,
        0,
        0,
        0,
        0,
        0,
        0,
        0,
        0
      ],
      "analog_inputs": [
        2.549999952316284,
        2.549999952316284,
        2.549999952316284,
        2.549999952316284
      ],
      "user_note": ""
    },
    {
      "timestamp": 1752132289.6599782,
      "joint_positions": [
        -0.00021755104535259306,
        2.4772539138793945,
        14.765190124511719,
        -5.155089855194092,
        8.52430248260498,
        0.4314037263393402
      ],
      "tcp_position": [
        158.41146850585938,
        -7.891244411468506,
        851.2905883789062,
        -1.4936885833740234,
        25.73588752746582,
        -5.2134480476379395
      ],
      "joint_velocities": [
        0.0,
        -4.229499758075925,
        17.73048825865785,
        0.027119272729866507,
        22.777899433291367,
        0.04230580391905114
      ],
      "tcp_velocity": 126.94888686456673,
      "acceleration": 50.468266592747675,
      "time_from_start": 8.32395887374878,
      "digital_inputs": [
        0,
        0,
        0,
        0,
        0,
        0,
        0,
        0,
        0,
        0,
        0,
        0,
        0,
        0,
        0,
        0
      ],
      "analog_inputs": [
        2.549999952316284,
        2.549999952316284,
        2.549999952316284,
        2.549999952316284
      ],
      "user_note": ""
    },
    {
      "timestamp": 1752132289.860582,
      "joint_positions": [
        -0.00021755104535259306,
        0.8023282885551453,
        17.868555068969727,
        -5.155089855194092,
        11.78843879699707,
        0.43379679322242737
      ],
      "tcp_position": [
        164.77908325195312,
        -8.405525207519531,
        845.2794799804688,
        -1.6543891429901123,
        30.33218002319336,
        -5.37758731842041
      ],
      "joint_velocities": [
        0.0,
        -8.349414483583196,
        15.470107939918753,
        0.0,
        16.271544603360613,
        0.011929310168601154
      ],
      "tcp_velocity": 43.726939064495085,
      "acceleration": -209.4049802687233,
      "time_from_start": 8.52456283569336,
      "digital_inputs": [
        0,
        0,
        0,
        0,
        0,
        0,
        0,
        0,
        0,
        0,
        0,
        0,
        0,
        0,
        0,
        0
      ],
      "analog_inputs": [
        2.549999952316284,
        2.549999952316284,
        2.549999952316284,
        2.549999952316284
      ],
      "user_note": ""
    },
    {
      "timestamp": 1752132290.0612376,
      "joint_positions": [
        -0.00021755104535259306,
        -1.1656385660171509,
        23.190725326538086,
        -5.155089855194092,
        15.708491325378418,
        0.43379679322242737
      ],
      "tcp_position": [
        184.52081298828125,
        -9.013660430908203,
        831.0189819335938,
        -2.107611894607544,
        37.60885238647461,
        -5.752986431121826
      ],
      "joint_velocities": [
        0.0,
        -9.807691507943108,
        26.52392438302777,
        0.0,
        19.53623649909103,
        0.0
      ],
      "tcp_velocity": 121.40805380725358,
      "acceleration": -43.334665053709806,
      "time_from_start": 8.725218296051025,
      "digital_inputs": [
        0,
        0,
        0,
        0,
        0,
        0,
        0,
        0,
        0,
        0,
        0,
        0,
        0,
        0,
        0,
        0
      ],
      "analog_inputs": [
        2.5,
        2.450000047683716,
        2.450000047683716,
        2.450000047683716
      ],
      "user_note": ""
    },
    {
      "timestamp": 1752132290.261744,
      "joint_positions": [
        -0.00043510209070518613,
        -3.0433216094970703,
        28.15502166748047,
        -5.155089855194092,
        15.88644790649414,
        0.4316212832927704
      ],
      "tcp_position": [
        196.55763244628906,
        -9.058370590209961,
        819.7537231445312,
        -2.516350269317627,
        40.855960845947266,
        -6.021137237548828
      ],
      "joint_velocities": [
        -0.0010850077227614792,
        -9.36470151072849,
        24.75878642306343,
        0.0,
        0.8875354495026665,
        -0.010850074614886115
      ],
      "tcp_velocity": 82.22253271487959,
      "acceleration": -122.42013708365228,
      "time_from_start": 8.925724744796753,
      "digital_inputs": [
        0,
        0,
        0,
        0,
        0,
        0,
        0,
        0,
        0,
        0,
        0,
        0,
        0,
        0,
        0,
        0
      ],
      "analog_inputs": [
        2.549999952316284,
        2.549999952316284,
        2.549999952316284,
        2.549999952316284
      ],
      "user_note": ""
    },
    {
      "timestamp": 1752132290.4622974,
      "joint_positions": [
        -0.00043510209070518613,
        -4.872490882873535,
        30.976877212524414,
        -5.155089855194092,
        15.88601303100586,
        0.4303159713745117
      ],
      "tcp_position": [
        194.11549377441406,
        -9.064698219299316,
        815.3699951171875,
        -2.657151460647583,
        41.851131439208984,
        -6.115062236785889
      ],
      "joint_velocities": [
        0.0,
        -9.120608857536181,
        14.07034387326405,
        0.0,
        -0.0021683773547222836,
        -0.006508549873867962
      ],
      "tcp_velocity": 25.02117713516213,
      "acceleration": -101.64644527079291,
      "time_from_start": 9.126278162002563,
      "digital_inputs": [
        0,
        0,
        0,
        0,
        0,
        0,
        0,
        0,
        0,
        0,
        0,
        0,
        0,
        0,
        0,
        0
      ],
      "analog_inputs": [
        2.5,
        2.5,
        2.5,
        2.450000047683716
      ],
      "user_note": ""
    },
    {
      "timestamp": 1752132290.6630523,
      "joint_positions": [
        -0.0006526531651616096,
        -6.254157543182373,
        34.10069274902344,
        -5.152261734008789,
        15.878398895263672,
        0.43009844422340393
      ],
      "tcp_position": [
        198.37232971191406,
        -9.069746017456055,
        808.06591796875,
        -2.9030964374542236,
        43.530975341796875,
        -6.279282569885254
      ],
      "joint_velocities": [
        -0.0010836651815165962,
        -6.882356504007591,
        15.560346639715828,
        0.014087434250920695,
        -0.0379275248893444,
        -0.001083546014557728
      ],
      "tcp_velocity": 42.111086676473874,
      "acceleration": -1.6097764405385846,
      "time_from_start": 9.327033042907715,
      "digital_inputs": [
        0,
        0,
        0,
        0,
        0,
        0,
        0,
        0,
        0,
        0,
        0,
        0,
        0,
        0,
        0,
        0
      ],
      "analog_inputs": [
        2.549999952316284,
        2.549999952316284,
        2.549999952316284,
        2.549999952316284
      ],
      "user_note": ""
    },
    {
      "timestamp": 1752132290.8636503,
      "joint_positions": [
        -0.0065265316516160965,
        -7.248365879058838,
        39.55034637451172,
        -5.152261734008789,
        15.874917984008789,
        0.42988088726997375
      ],
      "tcp_position": [
        222.51646423339844,
        -9.103633880615234,
        788.1817016601562,
        -3.64021372795105,
        48.02748107910156,
        -6.813596248626709
      ],
      "joint_velocities": [
        -0.0292818395154207,
        -4.956222537317158,
        27.16703848133221,
        0.0,
        -0.017352671657738756,
        -0.0010845419786086722
      ],
      "tcp_velocity": 155.92451623608204,
      "acceleration": 34.41356561296766,
      "time_from_start": 9.527631044387817,
      "digital_inputs": [
        0,
        0,
        0,
        0,
        0,
        0,
        0,
        0,
        0,
        0,
        0,
        0,
        0,
        0,
        0,
        0
      ],
      "analog_inputs": [
        2.5,
        2.5,
        2.5,
        2.5
      ],
      "user_note": ""
    },
    {
      "timestamp": 1752132291.064174,
      "joint_positions": [
        -1.5844242572784424,
        -8.631338119506836,
        45.07527160644531,
        -5.1511735916137695,
        13.916958808898926,
        0.42988088726997375
      ],
      "tcp_position": [
        238.41622924804688,
        -15.140965461730957,
        770.2725219726562,
        -4.26547384262085,
        50.185699462890625,
        -8.704304695129395
      ],
      "joint_velocities": [
        -7.8688872956143285,
        -6.896804853892186,
        27.55249168605695,
        0.005426504981231949,
        -9.764232388530147,
        0.0
      ],
      "tcp_velocity": 123.16747897880772,
      "acceleration": 40.83802926426599,
      "time_from_start": 9.72815465927124,
      "digital_inputs": [
        0,
        0,
        0,
        0,
        0,
        0,
        0,
        0,
        0,
        0,
        0,
        0,
        0,
        0,
        0,
        0
      ],
      "analog_inputs": [
        2.549999952316284,
        2.549999952316284,
        2.549999952316284,
        2.549999952316284
      ],
      "user_note": ""
    },
    {
      "timestamp": 1752132291.2647154,
      "joint_positions": [
        -4.7837300300598145,
        -10.30648136138916,
        50.16379165649414,
        -5.141819000244141,
        13.683091163635254,
        0.42988088726997375
      ],
      "tcp_position": [
        248.043212890625,
        -29.319597244262695,
        752.334228515625,
        -4.924878120422363,
        53.249019622802734,
        -12.407974243164062
      ],
      "joint_velocities": [
        -15.953335505009916,
        -8.353100345724572,
        25.373900885948935,
        0.04664666187946719,
        -1.1661808134751739,
        0.0
      ],
      "tcp_velocity": 123.7108918967302,
      "acceleration": 98.42323568317553,
      "time_from_start": 9.928696155548096,
      "digital_inputs": [
        0,
        0,
        0,
        0,
        0,
        0,
        0,
        0,
        0,
        0,
        0,
        0,
        0,
        0,
        0,
        0
      ],
      "analog_inputs": [
        2.5,
        2.5,
        2.5,
        2.5
      ],
      "user_note": ""
    },
    {
      "timestamp": 1752132291.4651735,
      "joint_positions": [
        -5.536239147186279,
        -10.302129745483398,
        55.37631607055664,
        -5.140078544616699,
        13.68896484375,
        0.4294457733631134
      ],
      "tcp_position": [
        275.6457214355469,
        -35.526283264160156,
        723.5597534179688,
        -6.251983165740967,
        58.427162170410156,
        -14.310935020446777
      ],
      "joint_velocities": [
        -3.753948110211684,
        0.021708361977302082,
        26.003068571877133,
        0.008682393295765133,
        0.029301293319790384,
        -0.0021705983239412832
      ],
      "tcp_velocity": 201.30564741125042,
      "acceleration": 158.83079867744937,
      "time_from_start": 10.129154205322266,
      "digital_inputs": [
        0,
        0,
        0,
        0,
        0,
        0,
        0,
        0,
        0,
        0,
        0,
        0,
        0,
        0,
        0,
        0
      ],
      "analog_inputs": [
        2.549999952316284,
        2.549999952316284,
        2.549999952316284,
        2.549999952316284
      ],
      "user_note": ""
    },
    {
      "timestamp": 1752132291.6659856,
      "joint_positions": [
        -5.513396263122559,
        -9.573769569396973,
        56.912879943847656,
        -5.138338088989258,
        13.739871978759766,
        0.4294457733631134
      ],
      "tcp_position": [
        291.0914611816406,
        -36.9167366027832,
        710.4482421875,
        -6.988353729248047,
        60.783634185791016,
        -14.92563247680664
      ],
      "joint_velocities": [
        0.11375252740520524,
        3.627073125267878,
        7.651749385883574,
        0.008667085377914604,
        0.25350631094415427,
        0.0
      ],
      "tcp_velocity": 101.12949833982758,
      "acceleration": -54.57342214341335,
      "time_from_start": 10.329966306686401,
      "digital_inputs": [
        0,
        0,
        0,
        0,
        0,
        0,
        0,
        0,
        0,
        0,
        0,
        0,
        0,
        0,
        0,
        0
      ],
      "analog_inputs": [
        2.5,
        2.5,
        2.5,
        2.5
      ],
      "user_note": ""
    },
    {
      "timestamp": 1752132292.0671253,
      "joint_positions": [
        -5.52601432800293,
        -8.553454399108887,
        59.70057678222656,
        -5.135509967803955,
        13.822541236877441,
        0.44402170181274414
      ],
      "tcp_position": [
        314.0562438964844,
        -39.21697235107422,
        687.8350830078125,
        -8.4249906539917,
        64.62505340576172,
        -16.212417602539062
      ],
      "joint_velocities": [
        -0.03145553467395581,
        2.5435405128790336,
        6.949440773324489,
        0.007050214501973846,
        0.20608593630200736,
        0.03633628667306191
      ],
      "tcp_velocity": 80.54901658402191,
      "acceleration": -21.248686455802098,
      "time_from_start": 10.731106042861938,
      "digital_inputs": [
        0,
        0,
        0,
        0,
        0,
        0,
        0,
        0,
        0,
        0,
        0,
        0,
        0,
        0,
        0,
        0
      ],
      "analog_inputs": [
        2.549999952316284,
        2.549999952316284,
        2.5,
        2.5
      ],
      "user_note": ""
    },
    {
      "timestamp": 1752132292.2677445,
      "joint_positions": [
        -5.524056434631348,
        -7.98760461807251,
        63.33411407470703,
        -5.136162757873535,
        13.823193550109863,
        0.4414110779762268
      ],
      "tcp_position": [
        334.144287109375,
        -41.15336990356445,
        662.03271484375,
        -10.503911972045898,
        68.62162780761719,
        -18.121212005615234
      ],
      "joint_velocities": [
        0.009759251204457026,
        2.8205162943367346,
        18.111611037033338,
        -0.003253876010448531,
        0.003251499183559964,
        -0.013012830111544487
      ],
      "tcp_velocity": 163.28101201021556,
      "acceleration": 39.44798506223058,
      "time_from_start": 10.931725263595581,
      "digital_inputs": [
        0,
        0,
        0,
        0,
        0,
        0,
        0,
        0,
        0,
        0,
        0,
        0,
        0,
        0,
        0,
        0
      ],
      "analog_inputs": [
        2.549999952316284,
        2.549999952316284,
        2.549999952316284,
        2.549999952316284
      ],
      "user_note": ""
    },
    {
      "timestamp": 1752132292.4683576,
      "joint_positions": [
        -5.50425910949707,
        -6.995136737823486,
        69.9028549194336,
        -5.136380195617676,
        13.823846817016602,
        0.44206374883651733
      ],
      "tcp_position": [
        366.297607421875,
        -44.14132308959961,
        611.2682495117188,
        -17.238283157348633,
        75.89230346679688,
        -24.52871322631836
      ],
      "joint_velocities": [
        0.09868414797630706,
        4.947175767025737,
        32.74334230217058,
        -0.0010838665513077707,
        0.0032563534545869423,
        0.003253382329172173
      ],
      "tcp_velocity": 299.90441335872936,
      "acceleration": 98.29747345206141,
      "time_from_start": 11.132338285446167,
      "digital_inputs": [
        0,
        0,
        0,
        0,
        0,
        0,
        0,
        0,
        0,
        0,
        0,
        0,
        0,
        0,
        0,
        0
      ],
      "analog_inputs": [
        2.549999952316284,
        2.549999952316284,
        2.549999952316284,
        2.5
      ],
      "user_note": ""
    },
    {
      "timestamp": 1752132292.6691163,
      "joint_positions": [
        -5.484461784362793,
        -6.99905252456665,
        75.70972442626953,
        -5.136380195617676,
        13.823846817016602,
        0.44206374883651733
      ],
      "tcp_position": [
        382.81915283203125,
        -45.603553771972656,
        568.4739379882812,
        -30.12481117248535,
        81.30034637451172,
        -37.156837463378906
      ],
      "joint_velocities": [
        0.09861254116476237,
        -0.01950494214665997,
        28.924622614284544,
        0.0,
        0.0,
        0.0
      ],
      "tcp_velocity": 228.61329778666777,
      "acceleration": 127.00202007619079,
      "time_from_start": 11.333096981048584,
      "digital_inputs": [
        0,
        0,
        0,
        0,
        0,
        0,
        0,
        0,
        0,
        0,
        0,
        0,
        0,
        0,
        0,
        0
      ],
      "analog_inputs": [
        2.549999952316284,
        2.549999952316284,
        2.549999952316284,
        2.549999952316284
      ],
      "user_note": ""
    },
    {
      "timestamp": 1752132292.8697813,
      "joint_positions": [
        -5.48163366317749,
        -6.999269962310791,
        80.40643310546875,
        -5.136380195617676,
        13.823846817016602,
        0.44206374883651733
      ],
      "tcp_position": [
        392.5552673339844,
        -46.52070999145508,
        534.1276245117188,
        -57.16917037963867,
        84.65925598144531,
        -64.01390838623047
      ],
      "joint_velocities": [
        0.014093744430582783,
        -0.0010835858135804669,
        23.405719717222123,
        0.0,
        0.0,
        0.0
      ],
      "tcp_velocity": 177.96514669884826,
      "acceleration": 97.09329631203863,
      "time_from_start": 11.533761978149414,
      "digital_inputs": [
        0,
        0,
        0,
        0,
        0,
        0,
        0,
        0,
        0,
        0,
        0,
        0,
        0,
        0,
        0,
        0
      ],
      "analog_inputs": [
        2.549999952316284,
        2.549999952316284,
        2.549999952316284,
        2.549999952316284
      ],
      "user_note": ""
    },
    {
      "timestamp": 1752132293.070428,
      "joint_positions": [
        -5.48163366317749,
        -7.060619354248047,
        82.64307403564453,
        -5.136380195617676,
        13.826239585876465,
        0.4414110779762268
      ],
      "tcp_position": [
        395.91607666015625,
        -46.844181060791016,
        517.452880859375,
        -81.41564178466797,
        85.4093017578125,
        -88.17268371582031
      ],
      "joint_velocities": [
        0.0,
        -0.30575838340821293,
        11.14716370415876,
        0.0,
        0.011925287527047565,
        -0.003252837246442079
      ],
      "tcp_velocity": 84.791525491309,
      "acceleration": -78.2365326036353,
      "time_from_start": 11.734408617019653,
      "digital_inputs": [
        0,
        0,
        0,
        0,
        0,
        0,
        0,
        0,
        0,
        0,
        0,
        0,
        0,
        0,
        0,
        0
      ],
      "analog_inputs": [
        2.549999952316284,
        2.549999952316284,
        2.549999952316284,
        2.549999952316284
      ],
      "user_note": ""
    },
    {
      "timestamp": 1752132293.2710068,
      "joint_positions": [
        -5.4176740646362305,
        -6.86634635925293,
        85.24738311767578,
        -5.136380195617676,
        14.303329467773438,
        0.43684250116348267
      ],
      "tcp_position": [
        400.5487976074219,
        -46.94508361816406,
        495.2900695800781,
        -119.57566833496094,
        84.70726013183594,
        -126.18428039550781
      ],
      "joint_velocities": [
        0.31887496448901625,
        0.9685613386125339,
        12.98396151619717,
        0.0,
        2.378564322129494,
        -0.022776952985240507
      ],
      "tcp_velocity": 112.88349956834952,
      "acceleration": -186.48111809250932,
      "time_from_start": 11.934987545013428,
      "digital_inputs": [
        0,
        0,
        0,
        0,
        0,
        0,
        0,
        0,
        0,
        0,
        0,
        0,
        0,
        0,
        0,
        0
      ],
      "analog_inputs": [
        2.549999952316284,
        2.549999952316284,
        2.549999952316284,
        2.549999952316284
      ],
      "user_note": ""
    },
    {
      "timestamp": 1752132293.4716427,
      "joint_positions": [
        -5.271479606628418,
        -6.767143249511719,
        86.16827392578125,
        -5.137467861175537,
        15.117622375488281,
        0.43684250116348267
      ],
      "tcp_position": [
        402.24853515625,
        -46.20865249633789,
        485.97686767578125,
        -134.0023956298828,
        83.56840515136719,
        -140.46485900878906
      ],
      "joint_velocities": [
        0.728655493340685,
        0.49444344097879095,
        4.589860349269424,
        -0.005421091157988801,
        4.058560142978012,
        0.0
      ],
      "tcp_velocity": 47.327716316693106,
      "acceleration": -180.7110017734028,
      "time_from_start": 12.135623455047607,
      "digital_inputs": [
        0,
        0,
        0,
        0,
        0,
        0,
        0,
        0,
        0,
        0,
        0,
        0,
        0,
        0,
        0,
        0
      ],
      "analog_inputs": [
        2.549999952316284,
        2.549999952316284,
        2.549999952316284,
        2.549999952316284
      ],
      "user_note": ""
    },
    {
      "timestamp": 1752132293.6723263,
      "joint_positions": [
        -5.237541675567627,
        -8.401603698730469,
        90.86520385742188,
        -5.137685775756836,
        15.745039939880371,
        0.43684250116348267
      ],
      "tcp_position": [
        396.37188720703125,
        -45.471805572509766,
        460.3520202636719,
        -150.10816955566406,
        80.60209655761719,
        -156.4381103515625
      ],
      "joint_velocities": [
        0.169111637013382,
        -8.144464720194648,
        23.404653284671532,
        -0.0010858614659367397,
        3.1264018780413627,
        0.0
      ],
      "tcp_velocity": 131.05403282252888,
      "acceleration": -46.75131932783556,
      "time_from_start": 12.336307048797607,
      "digital_inputs": [
        0,
        0,
        0,
        0,
        0,
        0,
        0,
        0,
        0,
        0,
        0,
        0,
        0,
        0,
        0,
        0
      ],
      "analog_inputs": [
        2.549999952316284,
        2.549999952316284,
        2.549999952316284,
        2.549999952316284
      ],
      "user_note": ""
    },
    {
      "timestamp": 1752132293.8729134,
      "joint_positions": [
        -5.205996513366699,
        -10.670443534851074,
        98.10987091064453,
        -5.137685775756836,
        18.095895767211914,
        0.43684250116348267
      ],
      "tcp_position": [
        385.4291687011719,
        -44.60578536987305,
        417.0885009765625,
        -162.73648071289062,
        73.91204833984375,
        -168.9577178955078
      ],
      "joint_velocities": [
        0.15726421362544468,
        -11.310999461562325,
        36.1173247373482,
        0.0,
        11.719879285363648,
        0.0
      ],
      "tcp_velocity": 222.51861868145926,
      "acceleration": 137.32402368075518,
      "time_from_start": 12.536894083023071,
      "digital_inputs": [
        0,
        0,
        0,
        0,
        0,
        0,
        0,
        0,
        0,
        0,
        0,
        0,
        0,
        0,
        0,
        0
      ],
      "analog_inputs": [
        2.549999952316284,
        2.549999952316284,
        2.549999952316284,
        2.549999952316284
      ],
      "user_note": ""
    },
    {
      "timestamp": 1752132294.0734982,
      "joint_positions": [
        -2.159194231033325,
        -11.772122383117676,
        103.02151489257812,
        -5.137685775756836,
        20.848787307739258,
        0.43684250116348267
      ],
      "tcp_position": [
        378.26544189453125,
        -24.111661911010742,
        381.4490051269531,
        -167.5423583984375,
        67.48895263671875,
        -170.6958770751953
      ],
      "joint_velocities": [
        15.189590331315062,
        -5.492332232674126,
        24.48661023113843,
        0.0,
        13.7243217157922,
        0.0
      ],
      "tcp_velocity": 208.04809588780574,
      "acceleration": 94.88710445828323,
      "time_from_start": 12.737478971481323,
      "digital_inputs": [
        0,
        0,
        0,
        0,
        0,
        0,
        0,
        0,
        0,
        0,
        0,
        0,
        0,
        0,
        0,
        0
      ],
      "analog_inputs": [
        2.549999952316284,
        2.549999952316284,
        2.549999952316284,
        2.549999952316284
      ],
      "user_note": ""
    },
    {
      "timestamp": 1752132294.274082,
      "joint_positions": [
        4.056239128112793,
        -11.902871131896973,
        103.33566284179688,
        -5.137685775756836,
        26.00409507751465,
        0.43684250116348267
      ],
      "tcp_position": [
        374.2375183105469,
        15.944409370422363,
        371.93988037109375,
        -169.71218872070312,
        62.35265350341797,
        -166.90101623535156
      ],
      "joint_velocities": [
        30.98673257982501,
        -0.6518413567428852,
        1.5661689105905203,
        0.0,
        25.701529402395554,
        0.0
      ],
      "tcp_velocity": 206.22755524094856,
      "acceleration": 158.4374421287209,
      "time_from_start": 12.93806266784668,
      "digital_inputs": [
        0,
        0,
        0,
        0,
        0,
        0,
        0,
        0,
        0,
        0,
        0,
        0,
        0,
        0,
        0,
        0
      ],
      "analog_inputs": [
        2.549999952316284,
        2.549999952316284,
        2.549999952316284,
        2.549999952316284
      ],
      "user_note": ""
    },
    {
      "timestamp": 1752132294.4746935,
      "joint_positions": [
        7.900801658630371,
        -11.902652740478516,
        104.182373046875,
        -5.137685775756836,
        35.95683670043945,
        0.43706005811691284
      ],
      "tcp_position": [
        362.1370849609375,
        38.0578498840332,
        350.849609375,
        -172.27711486816406,
        51.523719787597656,
        -166.1504669189453
      ],
      "joint_velocities": [
        19.164209330351095,
        0.001088628114652982,
        4.220644477351544,
        0.0,
        49.61199677690017,
        0.001084468509411404
      ],
      "tcp_velocity": 163.83283339872955,
      "acceleration": 32.67887000685997,
      "time_from_start": 13.138674259185791,
      "digital_inputs": [
        0,
        0,
        0,
        0,
        0,
        0,
        0,
        0,
        0,
        0,
        0,
        0,
        0,
        0,
        0,
        0
      ],
      "analog_inputs": [
        2.549999952316284,
        2.549999952316284,
        2.549999952316284,
        2.549999952316284
      ],
      "user_note": ""
    },
    {
      "timestamp": 1752132294.6752737,
      "joint_positions": [
        8.28390884399414,
        -11.902652740478516,
        106.0981216430664,
        -5.138338088989258,
        49.576839447021484,
        0.43706005811691284
      ],
      "tcp_position": [
        342.6053771972656,
        36.29714584350586,
        320.9359436035156,
        -173.94676208496094,
        36.379493713378906,
        -168.11155700683594
      ],
      "joint_velocities": [
        1.909995792196307,
        0.0,
        9.551039232420534,
        -0.0032521330236516604,
        67.90305410474816,
        0.0
      ],
      "tcp_velocity": 178.32730521652422,
      "acceleration": -44.06350284947494,
      "time_from_start": 13.339254379272461,
      "digital_inputs": [
        0,
        0,
        0,
        0,
        0,
        0,
        0,
        0,
        0,
        0,
        0,
        0,
        0,
        0,
        0,
        0
      ],
      "analog_inputs": [
        2.549999952316284,
        2.549999952316284,
        2.549999952316284,
        2.549999952316284
      ],
      "user_note": ""
    },
    {
      "timestamp": 1752132294.8758507,
      "joint_positions": [
        9.519164085388184,
        -11.880027770996094,
        106.51408386230469,
        -5.137685775756836,
        63.20728302001953,
        0.43488454818725586
      ],
      "tcp_position": [
        320.76898193359375,
        38.9598274230957,
        306.32110595703125,
        -174.6348876953125,
        22.348608016967773,
        -168.44207763671875
      ],
      "joint_velocities": [
        6.158508274880806,
        0.1127994094719838,
        2.0738278886602695,
        0.003252183277644449,
        67.95615733625269,
        -0.010846257077005187
      ],
      "tcp_velocity": 131.6723278102891,
      "acceleration": -76.15605001196994,
      "time_from_start": 13.539831399917603,
      "digital_inputs": [
        0,
        0,
        0,
        0,
        0,
        0,
        0,
        0,
        0,
        0,
        0,
        0,
        0,
        0,
        0,
        0
      ],
      "analog_inputs": [
        2.549999952316284,
        2.549999952316284,
        2.549999952316284,
        2.549999952316284
      ],
      "user_note": ""
    },
    {
      "timestamp": 1752132295.0765471,
      "joint_positions": [
        12.571405410766602,
        -9.65556812286377,
        106.513427734375,
        -5.136162757873535,
        74.53451538085938,
        0.4346669912338257
      ],
      "tcp_position": [
        305.3826904296875,
        52.46054458618164,
        288.7041015625,
        -174.9010009765625,
        8.725152969360352,
        -166.48800659179688
      ],
      "joint_velocities": [
        15.208246315554383,
        11.083701005723572,
        -0.0032692549852574655,
        0.007588663098046762,
        56.439619759035,
        -0.0010840098742904932
      ],
      "tcp_velocity": 134.5652983844057,
      "acceleration": -71.41357039766237,
      "time_from_start": 13.740527868270874,
      "digital_inputs": [
        0,
        0,
        0,
        0,
        0,
        0,
        0,
        0,
        0,
        0,
        0,
        0,
        0,
        0,
        0,
        0
      ],
      "analog_inputs": [
        2.549999952316284,
        2.549999952316284,
        2.549999952316284,
        2.549999952316284
      ],
      "user_note": ""
    },
    {
      "timestamp": 1752132295.2771976,
      "joint_positions": [
        14.067286491394043,
        -6.198464393615723,
        106.513427734375,
        -5.136162757873535,
        76.07521057128906,
        0.4346669912338257
      ],
      "tcp_position": [
        308.89520263671875,
        61.59598922729492,
        269.5574035644531,
        -174.95664978027344,
        3.593397617340088,
        -165.14732360839844
      ],
      "joint_velocities": [
        7.455159228554556,
        17.229483750381718,
        0.0,
        0.0,
        7.678503402492191,
        0.0
      ],
      "tcp_velocity": 107.16775529166723,
      "acceleration": -56.481385513537816,
      "time_from_start": 13.941178321838379,
      "digital_inputs": [
        0,
        0,
        0,
        0,
        0,
        0,
        0,
        0,
        0,
        0,
        0,
        0,
        0,
        0,
        0,
        0
      ],
      "analog_inputs": [
        2.549999952316284,
        2.549999952316284,
        2.549999952316284,
        2.549999952316284
      ],
      "user_note": ""
    },
    {
      "timestamp": 1752132295.4778256,
      "joint_positions": [
        14.164531707763672,
        -3.006337881088257,
        106.513427734375,
        -5.136162757873535,
        74.7337875366211,
        0.4346669912338257
      ],
      "tcp_position": [
        317.14990234375,
        64.28372955322266,
        252.20590209960938,
        -175.0074920654297,
        1.7939776182174683,
        -164.93475341796875
      ],
      "joint_velocities": [
        0.48470400893647614,
        15.910669700948906,
        0.0,
        0.0,
        -6.686119347114362,
        0.0
      ],
      "tcp_velocity": 96.70645203311244,
      "acceleration": -81.36534881148356,
      "time_from_start": 14.141806364059448,
      "digital_inputs": [
        0,
        0,
        0,
        0,
        0,
        0,
        0,
        0,
        0,
        0,
        0,
        0,
        0,
        0,
        0,
        0
      ],
      "analog_inputs": [
        2.549999952316284,
        2.549999952316284,
        2.549999952316284,
        2.549999952316284
      ],
      "user_note": ""
    },
    {
      "timestamp": 1752132295.6784825,
      "joint_positions": [
        14.164531707763672,
        -0.05743347853422165,
        106.513427734375,
        -5.136380195617676,
        70.98625183105469,
        0.4346669912338257
      ],
      "tcp_position": [
        328.3310546875,
        67.28119659423828,
        235.52828979492188,
        -175.0780029296875,
        2.5815930366516113,
        -164.61265563964844
      ],
      "joint_velocities": [
        0.0,
        14.696252841260147,
        0.0,
        -0.0010836295887910875,
        -18.676336951768977,
        0.0
      ],
      "tcp_velocity": 101.17455967160664,
      "acceleration": -30.39792753349469,
      "time_from_start": 14.342463254928589,
      "digital_inputs": [
        0,
        0,
        0,
        0,
        0,
        0,
        0,
        0,
        0,
        0,
        0,
        0,
        0,
        0,
        0,
        0
      ],
      "analog_inputs": [
        2.549999952316284,
        2.549999952316284,
        2.549999952316284,
        2.549999952316284
      ],
      "user_note": ""
    },
    {
      "timestamp": 1752132295.8790698,
      "joint_positions": [
        14.164314270019531,
        2.2862439155578613,
        106.513427734375,
        -5.137032985687256,
        66.05850982666016,
        0.4346669912338257
      ],
      "tcp_position": [
        339.7841491699219,
        70.45121002197266,
        221.78997802734375,
        -175.1468048095703,
        4.993578910827637,
        -164.2041015625
      ],
      "joint_velocities": [
        -0.001084005686275442,
        11.684078272758176,
        0.0,
        -0.0032543942642786847,
        -24.5665736386933,
        0.0
      ],
      "tcp_velocity": 90.55858388018392,
      "acceleration": -43.87787313137756,
      "time_from_start": 14.543050527572632,
      "digital_inputs": [
        0,
        0,
        0,
        0,
        0,
        0,
        0,
        0,
        0,
        0,
        0,
        0,
        0,
        0,
        0,
        0
      ],
      "analog_inputs": [
        2.549999952316284,
        2.549999952316284,
        2.549999952316284,
        2.549999952316284
      ],
      "user_note": ""
    },
    {
      "timestamp": 1752132296.0796425,
      "joint_positions": [
        14.164314270019531,
        3.0863966941833496,
        106.513427734375,
        -5.1372504234313965,
        63.32236862182617,
        0.4346669912338257
      ],
      "tcp_position": [
        345.4744567871094,
        72.07962036132812,
        217.41741943359375,
        -175.1677703857422,
        7.000732898712158,
        -163.96755981445312
      ],
      "joint_velocities": [
        0.0,
        3.9893398378390588,
        0.0,
        -0.0010840842875533573,
        -13.641641199006731,
        0.0
      ],
      "tcp_velocity": 36.6884793186078,
      "acceleration": -70.27802462034039,
      "time_from_start": 14.74362325668335,
      "digital_inputs": [
        0,
        0,
        0,
        0,
        0,
        0,
        0,
        0,
        0,
        0,
        0,
        0,
        0,
        0,
        0,
        0
      ],
      "analog_inputs": [
        2.549999952316284,
        2.549999952316284,
        2.549999952316284,
        2.549999952316284
      ],
      "user_note": ""
    }
  ]
}